<?xml version="1.0" encoding="UTF-8"?>
<beans:beans xmlns="http://www.springframework.org/schema/mvc"
	xmlns:xsi="http://www.w3.org/2001/XMLSchema-instance"
	xmlns:beans="http://www.springframework.org/schema/beans"
	xmlns:context="http://www.springframework.org/schema/context"
	xsi:schemaLocation="http://www.springframework.org/schema/mvc https://www.springframework.org/schema/mvc/spring-mvc.xsd
		http://www.springframework.org/schema/beans https://www.springframework.org/schema/beans/spring-beans.xsd
		http://www.springframework.org/schema/context https://www.springframework.org/schema/context/spring-context.xsd">
	<!-- 어노테이션 사용 -->
	<annotation-driven />
	<!-- 프론트 파일 위치 설정 -->
	<resources mapping="/resources/**" location="/resources/" />
	<!-- 뷰 설정 -->
	<beans:bean class="org.springframework.web.servlet.view.InternalResourceViewResolver">
		<beans:property name="prefix" value="/WEB-INF/views/" />
		<beans:property name="suffix" value=".jsp" />
		<beans:property name="contentType" value="text/html; charset=UTF-8"/>
	</beans:bean>
	
	<!-- 로그인 인터셉터 빈생성 -->
	<beans:bean id="loginAuthenticationInterceptor" class="com.spring.starbucks.interceptors.LoginAuthenticationInterceptor">
	</beans:bean>
	<interceptors>
		<interceptor>
			<mapping path="/editCoffeeBeanForm"/>
			<mapping path="/deleteCoffeeBean"/>
			<mapping path="/editCoffeeBean"/>
			<mapping path="/addcoffee"/>
			<mapping path="/addcoffeeform"/>
			<beans:ref bean="loginAuthenticationInterceptor"/>
		</interceptor>
	</interceptors>
	<beans:bean id="loginInfoInterceptor" class="com.spring.starbucks.interceptors.LoginInfoInterceptor">
	</beans:bean>
	<interceptors>
		<interceptor>
			<mapping path="/*"/>
			<exclude-mapping path="/login"/>
			<exclude-mapping path="/loginGoogle"/>
			<exclude-mapping path="/loginApiFail"/>
			<beans:ref bean="loginInfoInterceptor"/>
		</interceptor>
	</interceptors>
	<!-- 로그인 인터셉터 설정 -->
	
	<context:component-scan base-package="com.spring.starbucks.controllers"></context:component-scan>  
</beans:beans>