{"web":{"client_id":"558238847033-9bqojro2basual7khlspkg6qdod09ome.apps.googleusercontent.com","project_id":"starbucks-clone-357713","auth_uri":"https://accounts.google.com/o/oauth2/auth","token_uri":"https://oauth2.googleapis.com/token","auth_provider_x509_cert_url":"https://www.googleapis.com/oauth2/v1/certs","client_secret":"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","redirect_uris":["http://localhost:8888","https://localhost:8888","http://localhost:8888/","https://localhost:8888/","http://localhost:8888/Callback","http://localhost:8888/Callback/","https://localhost:8888/Callback","https://localhost:8888/Callback/","https://ksh-starbucks-clone.herokuapp.com/Callback","https://ksh-starbucks-clone.herokuapp.com/Callback/","https://ksh-starbucks-clone.herokuapp.com:1024/","https://localhost:1025/Callback/","http://localhost:1025/Callback/","http://localhost:1025/Callback","https://ksh-starbucks-clone.herokuapp.com:1025/Callback/","https://ksh-starbucks-clone.herokuapp.com:1025/Callback","https://ksh-starbucks-clone.herokuapp.com:1025/","https://ksh-starbucks-clone.herokuapp.com:1025","https://ksh-starbucks-clone.herokuapp.com:1024/Callback/","https://ksh-starbucks-clone.herokuapp.com:1024/Callback","https://ksh-starbucks-clone.herokuapp.com:1026","https://ksh-starbucks-clone.herokuapp.com:1026/","https://ksh-starbucks-clone.herokuapp.com:1026/Callback","https://ksh-starbucks-clone.herokuapp.com:1026/Callback/","https://ksh-starbucks-clone.herokuapp.com:1024","http://localhost:1024/Callback","http://localhost:1024/Callback/"],"javascript_origins":["http://localhost:8080","http://localhost:8888","http://localhost","https://ksh-starbucks-clone.herokuapp.com","https://ksh-starbucks-clone.herokuapp.com:1025"]}}