<?xml version="1.0" encoding="UTF-8"?>
<!DOCTYPE mapper PUBLIC "-//mybatis.org//DTD Mapper 3.0//EN" "http://mybatis.org/dtd/mybatis-3-mapper.dtd">
<mapper namespace="coffeeBean_mapper">
	<select id="selectAll" resultType="coffeeBean">
		select * from KSH_coffeeBean
	</select>
	<select id="selectByName" parameterType = "coffeeBean" resultType="coffeeBean">
		select * from KSH_coffeeBean 
		where
		 name_kr = #{name_kr}	
	</select>
	<select id="selectBySeq" parameterType = "Integer" resultType="coffeeBean">
		select * from KSH_coffeeBean 
		where
		 seq = #{seq}	
	</select>
	<select id="selectDuplicatedNameWithoutSelf" parameterType = "coffeeBean" resultType="Integer">
		select count(*) as count from ksh_coffeebean 
							where 
								name_kr=#{name_kr} 
								and seq != #{seq}
	</select>
	<insert id="insertCoffeeBean">
		insert into KSH_coffeeBean
								(name_kr,name_en, type, description_summary,
								description_detail, design_story,coffee_tasting_note,
								tasting_notes,enjoy_with, relative,
								weight,processing_method)
							values 
								(#{name_kr},#{name_en},#{type},#{description_summary},
								#{description_detail},#{design_story},#{coffee_tasting_note},
								#{tasting_notes},#{enjoy_with},#{relative},
								#{weight},#{processing_method})
	</insert>
	<update id="updateCoffeeBean" parameterType="coffeeBean">
		update KSH_coffeeBean set 
								name_kr=#{name_kr},name_en=#{name_en},type=#{type},
								description_summary=#{description_summary},
								description_detail=#{description_detail},
								design_story=#{design_story},
								coffee_tasting_note=#{coffee_tasting_note},
								tasting_notes=#{tasting_notes},enjoy_with=#{enjoy_with},relative=#{relative},
								weight=#{weight},processing_method=#{processing_method}
							where 
								seq=#{seq}
	
	</update>
	<delete id="deleteCoffeeBean" parameterType="Integer">
		delete from KSH_coffeeBean 
		where 
		seq=#{seq}
	</delete>
</mapper>